trade_id;symbol;price;size;side;timestamp;order_id;account_id;comment;accrued_interest;currency;trade_iv
1925040278058567535;RI90000BK6@RTSX;1630.0;1.0;1;2026-10-06 08:13:47;1925040278058675012;1218884;;0.0;;31.082430388432016
1925040278058569372;RI90000BJ6@RTSX;200.0;1.0;1;2026-10-06 09:30:05;1925040278058783206;1218884;;0.0;;31.16199779040712
1925040278058569373;RI92500BJ6@RTSX;70.0;1.0;2;2026-10-06 09:30:05;1925040278058789871;1218884;;0.0;;32.55238290023538
1925040278058575041;RI82500BW6@RTSX;2450.0;1.0;2;2026-10-06 10:32:19;1925040278059040581;1218884;;0.0;;29.061027967633102
1925040278058575045;RI82500BW6@RTSX;2450.0;1.0;2;2026-10-06 10:32:24;1925040278059041628;1218884;;0.0;;29.061027967633102
1925040278058575051;RIZ6@RTSX;84890.0;1.0;2;2026-10-06 10:32:27;1925040278059041757;1218884;;0.0;;
1925040278058575053;RI82500BW6@RTSX;2440.0;1.0;2;2026-10-06 10:32:27;1925040278059041888;1218884;;0.0;;28.971948636974915
1925040278058575054;RI82500BW6@RTSX;2450.0;1.0;2;2026-10-06 10:32:27;1925040278059041904;1218884;;0.0;;29.061027967633102
1925040278058575055;RI82500BW6@RTSX;2450.0;1.0;2;2026-10-06 10:32:27;1925040278059041906;1218884;;0.0;;29.061027967633102
1925040278058575056;RI82500BW6@RTSX;2450.0;1.0;2;2026-10-06 10:32:27;1925040278059041908;1218884;;0.0;;29.061027967633102
1925040278058575061;RI82500BW6@RTSX;2440.0;1.0;2;2026-10-06 10:32:32;1925040278059041910;1218884;;0.0;;28.971948636974915
1925040278058575062;RI82500BW6@RTSX;2450.0;1.0;2;2026-10-06 10:32:32;1925040278059042151;1218884;;0.0;;29.061027967633102
1925040278058575063;RI82500BW6@RTSX;2450.0;1.0;2;2026-10-06 10:32:32;1925040278059042154;1218884;;0.0;;29.061027967633102
1925040278058575059;RIZ6@RTSX;84900.0;1.0;2;2026-10-06 10:32:32;1925040278059042053;1218884;;0.0;;
1925040278058575065;RIZ6@RTSX;84890.0;1.0;2;2026-10-06 10:32:39;1925040278059042466;1218884;;0.0;;
1925040278058575094;RI92500BJ6@RTSX;80.0;1.0;2;2026-10-06 10:34:11;1925040278059045720;1218884;;0.0;;33.38042324680082
1925040278058575095;RI90000BJ6@RTSX;230.0;1.0;1;2026-10-06 10:34:11;1925040278059045721;1218884;;0.0;;32.37951994394332
1925040278058575103;RI92500BJ6@RTSX;80.0;1.0;2;2026-10-06 10:34:38;1925040278059046932;1218884;;0.0;;33.38042324680082
1925040278058575104;RI90000BJ6@RTSX;230.0;1.0;1;2026-10-06 10:34:38;1925040278059046933;1218884;;0.0;;32.37951994394332
1925040278058575105;RI92500BJ6@RTSX;80.0;1.0;2;2026-10-06 10:34:38;1925040278059046934;1218884;;0.0;;33.38042324680082
1925040278058575108;RI90000BJ6@RTSX;230.0;1.0;1;2026-10-06 10:34:40;1925040278059046935;1218884;;0.0;;32.37951994394332
1925040278058575109;RIZ6@RTSX;84840.0;1.0;2;2026-10-06 10:34:41;1925040278059046987;1218884;;0.0;;
1925040278058575136;RI92500BJ6@RTSX;80.0;1.0;2;2026-10-06 10:35:30;1925040278059049905;1218884;;0.0;;33.38042324680082
1925040278058575137;RI90000BJ6@RTSX;240.0;1.0;1;2026-10-06 10:35:30;1925040278059049906;1218884;;0.0;;32.76987475145653
1925040278058575138;RI92500BJ6@RTSX;80.0;1.0;2;2026-10-06 10:35:30;1925040278059049907;1218884;;0.0;;33.38042324680082
1925040278058575139;RI90000BJ6@RTSX;240.0;1.0;1;2026-10-06 10:35:30;1925040278059049909;1218884;;0.0;;32.76987475145653
1925040278058577237;RI92500BJ6@RTSX;70.0;1.0;2;2026-10-06 11:17:26;1925040278059164181;1218884;;0.0;;32.55238290023538
1925040278058577238;RI90000BJ6@RTSX;220.0;1.0;1;2026-10-06 11:17:26;1925040278059164183;1218884;;0.0;;31.981818747015623
1925040278058579966;RI92500BJ6@RTSX;40.0;1.0;2;2026-10-06 11:43:19;1925040278059261729;1218884;;0.0;;29.537274896517797
1925040278058579967;RI90000BJ6D@RTSX;330.0;1.0;1;2026-10-06 11:43:19;1925040278059261730;1218884;;0.0;;27.016561158362183
1925040278058579968;RI92500BJ6@RTSX;40.0;1.0;2;2026-10-06 11:43:19;1925040278059261731;1218884;;0.0;;29.537274896517797
1925040278058579969;RI90000BJ6D@RTSX;330.0;1.0;1;2026-10-06 11:43:19;1925040278059261732;1218884;;0.0;;27.016561158362183
1925040278058580021;RI92500BJ6@RTSX;40.0;1.0;2;2026-10-06 11:44:18;1925040278059267064;1218884;;0.0;;29.537274896517797
1925040278058580022;RI90000BJ6D@RTSX;330.0;1.0;1;2026-10-06 11:44:18;1925040278059267190;1218884;;0.0;;27.016561158362183
1925040278058580030;RI92500BJ6@RTSX;40.0;1.0;2;2026-10-06 11:44:50;1925040278059267191;1218884;;0.0;;29.537274896517797
1925040278058580031;RI90000BJ6D@RTSX;330.0;1.0;1;2026-10-06 11:44:51;1925040278059268062;1218884;;0.0;;27.016561158362183
1925040278058580466;RI90000BJ6@RTSX;160.0;1.0;2;2026-10-06 11:48:09;1925040278059276361;1218884;;0.0;;29.402921488809636
1925040278058580467;RI90000BJ6D@RTSX;330.0;1.0;1;2026-10-06 11:48:09;1925040278059276362;1218884;;0.0;;27.016561158362183
1925040278058580468;RI90000BJ6@RTSX;160.0;1.0;2;2026-10-06 11:48:09;1925040278059276367;1218884;;0.0;;29.402921488809636
1925040278058580785;RI90000BJ6@RTSX;130.0;1.0;2;2026-10-06 11:51:10;1925040278059284276;1218884;;0.0;;27.943446023037584
1925040278058580786;RI87500BJ6D@RTSX;790.0;1.0;1;2026-10-06 11:51:10;1925040278059284277;1218884;;0.0;;26.83362104022306
1925040278058580787;RI90000BJ6@RTSX;130.0;1.0;2;2026-10-06 11:51:10;1925040278059284278;1218884;;0.0;;27.943446023037584
1925040278058580788;RI87500BJ6D@RTSX;790.0;1.0;1;2026-10-06 11:51:10;1925040278059284286;1218884;;0.0;;26.83362104022306
1925040278058580789;RI90000BJ6@RTSX;130.0;1.0;2;2026-10-06 11:51:10;1925040278059284289;1218884;;0.0;;27.943446023037584
1925040278058580790;RI87500BJ6D@RTSX;790.0;1.0;1;2026-10-06 11:51:10;1925040278059284292;1218884;;0.0;;26.83362104022306
1925040278058580792;RI90000BJ6@RTSX;130.0;1.0;2;2026-10-06 11:51:13;1925040278059284293;1218884;;0.0;;27.943446023037584
1925040278058580793;RI87500BJ6D@RTSX;790.0;1.0;1;2026-10-06 11:51:13;1925040278059284350;1218884;;0.0;;26.83362104022306
1925040278058580794;RIZ6@RTSX;84230.0;1.0;2;2026-10-06 11:51:15;1925040278059284354;1218884;;0.0;;
1925040278058580804;RI87500BJ6D@RTSX;790.0;1.0;1;2026-10-06 11:51:33;1925040278059284849;1218884;;0.0;;26.83362104022306
1925040278058580805;RI90000BJ6@RTSX;130.0;1.0;2;2026-10-06 11:51:33;1925040278059284855;1218884;;0.0;;27.943446023037584
1925040278058580861;RI90000BJ6@RTSX;120.0;1.0;2;2026-10-06 11:53:05;1925040278059289535;1218884;;0.0;;27.421163390691778
1925040278058580862;RI90000BJ6D@RTSX;330.0;1.0;1;2026-10-06 11:53:05;1925040278059289536;1218884;;0.0;;27.016561158362183
1925040278058580863;RI90000BJ6@RTSX;120.0;1.0;2;2026-10-06 11:53:05;1925040278059289537;1218884;;0.0;;27.421163390691778
1925040278058580864;RI90000BJ6D@RTSX;330.0;1.0;1;2026-10-06 11:53:06;1925040278059289538;1218884;;0.0;;27.016561158362183
1925040278058580866;RI90000BJ6@RTSX;120.0;1.0;2;2026-10-06 11:53:33;1925040278059289869;1218884;;0.0;;27.421163390691778
1925040278058580867;RI90000BJ6D@RTSX;330.0;1.0;1;2026-10-06 11:53:33;1925040278059289870;1218884;;0.0;;27.016561158362183
1925040278058580868;RI90000BJ6@RTSX;120.0;1.0;2;2026-10-06 11:53:33;1925040278059289871;1218884;;0.0;;27.421163390691778
1925040278058580869;RI90000BJ6D@RTSX;330.0;1.0;1;2026-10-06 11:53:33;1925040278059289872;1218884;;0.0;;27.016561158362183
1925040278058580870;RI90000BJ6@RTSX;120.0;1.0;2;2026-10-06 11:53:33;1925040278059289873;1218884;;0.0;;27.421163390691778
1925040278058580906;RI90000BJ6D@RTSX;340.0;1.0;1;2026-10-06 11:53:54;1925040278059290903;1218884;;0.0;;27.27014916092917
1925040278058580907;RI90000BJ6@RTSX;120.0;1.0;2;2026-10-06 11:54:14;1925040278059291450;1218884;;0.0;;27.421163390691778
1925040278058580908;RI90000BJ6D@RTSX;340.0;1.0;1;2026-10-06 11:54:14;1925040278059291451;1218884;;0.0;;27.27014916092917
1925040278058583951;RI77500BV6D@RTSX;300.0;1.0;1;2026-10-06 12:38:50;1925040278059435025;1218884;;0.0;;33.614126127571375
1925040278058585145;RI87500BJ6D@RTSX;690.0;1.0;1;2026-10-06 12:56:40;1925040278059490984;1218884;;0.0;;25.124828739310207
1925040278058585146;RI90000BK6@RTSX;1290.0;1.0;2;2026-10-06 12:56:40;1925040278059490988;1218884;;0.0;;27.671206866137855
1925040278058585551;RI82500BX6@RTSX;3650.0;1.0;2;2026-10-06 13:06:27;1925040278059509294;1218884;;0.0;;31.014642205400612
1925040278058585552;RI82500BX6@RTSX;3650.0;2.0;2;2026-10-06 13:06:27;1925040278059509294;1218884;;0.0;;31.014642205400612
1925040278058585554;RIZ6@RTSX;84080.0;1.0;2;2026-10-06 13:06:30;1925040278059509305;1218884;;0.0;;
1925040278058585697;RI87500BJ6D@RTSX;690.0;1.0;1;2026-10-06 13:11:14;1925040278059518576;1218884;;0.0;;25.124828739310207
1925040278058585698;RI87500BJ6D@RTSX;700.0;1.0;1;2026-10-06 13:11:22;1925040278059518854;1218884;;0.0;;25.29784425186107
1925040278058585703;RIZ6@RTSX;84080.0;1.0;2;2026-10-06 13:11:34;1925040278059519052;1218884;;0.0;;
1925040278058585706;RI87500BJ6D@RTSX;710.0;1.0;1;2026-10-06 13:12:16;1925040278059519595;1218884;;0.0;;25.470352167931853
1925040278058586047;RI87500BJ6D@RTSX;720.0;1.0;1;2026-10-06 13:24:23;1925040278059537293;1218884;;0.0;;25.64236563492025
1925040278058586049;RI87500BJ6D@RTSX;730.0;1.0;1;2026-10-06 13:24:31;1925040278059538036;1218884;;0.0;;25.813897301692528
1925040278058586052;RI90000BJ6D@RTSX;360.0;1.0;1;2026-10-06 13:24:51;1925040278059538560;1218884;;0.0;;27.768965412013042
1925040278058586060;RI90000BJ6D@RTSX;360.0;1.0;1;2026-10-06 13:25:03;1925040278059539113;1218884;;0.0;;27.768965412013042
1925040278058586061;RIZ6@RTSX;84040.0;1.0;2;2026-10-06 13:25:03;1925040278059539116;1218884;;0.0;;
1925040278058586062;RI90000BJ6D@RTSX;360.0;1.0;1;2026-10-06 13:25:05;1925040278059539316;1218884;;0.0;;27.768965412013042
1925040278058586115;RI82500BV6D@RTSX;1280.0;1.0;1;2026-10-06 13:27:11;1925040278059543336;1218884;;0.0;;30.6344592281723
1925040278058586119;RI82500BX6@RTSX;3650.0;1.0;2;2026-10-06 13:27:39;1925040278059545679;1218884;;0.0;;31.014642205400612
1925040278058586125;RI82500BX6@RTSX;3610.0;1.0;2;2026-10-06 13:28:55;1925040278059547782;1218884;;0.0;;30.73943450509175
1925040278058586126;RI82500BX6@RTSX;3610.0;1.0;2;2026-10-06 13:28:55;1925040278059547782;1218884;;0.0;;30.73943450509175
1925040278058586136;RIZ6@RTSX;84130.0;1.0;2;2026-10-06 13:29:06;1925040278059547930;1218884;;0.0;;
1925040278058586231;RI87500BJ6D@RTSX;740.0;1.0;1;2026-10-06 13:33:17;1925040278059557412;1218884;;0.0;;25.98495934374143
1925040278058586752;RI82500BX6@RTSX;3610.0;1.0;2;2026-10-06 13:44:43;1925040278059591343;1218884;;0.0;;30.73943450509175
1925040278058586754;RIZ6@RTSX;84210.0;1.0;2;2026-10-06 13:44:48;1925040278059591382;1218884;;0.0;;
1925040278058598565;RIZ6@RTSX;85340.0;1.0;2;2026-10-06 17:56:35;1925040278060174442;1218884;;0.0;;
1925040278058600650;RI82500BW6@RTSX;2200.0;3.0;2;2026-10-06 18:05:26;1925040278060212448;1218884;;0.0;;30.074091980093748
1925040278058600668;RIZ6@RTSX;85510.0;1.0;2;2026-10-06 18:05:27;1925040278060212472;1218884;;0.0;;
1925040278058602362;RI82500BV6D@RTSX;870.0;1.0;1;2026-10-06 18:34:37;1925040278060267965;1218884;;0.0;;28.617721357557578
1925040278058602795;RI82500BX6@RTSX;3100.0;1.0;2;2026-10-06 18:47:36;1925040278060283713;1218884;;0.0;;29.725210988446022
1925040278058603479;RI82500BV6D@RTSX;900.0;1.0;1;2026-10-06 19:08:25;1925040278060304393;1218884;;0.0;;28.709592758481005
